"Platform","title","Social platform (extracted from title)","body of listing","subscribers (extracted from body)","bot/real followers  (extracted from body)","aged  (extracted from body)","verified  (extracted from body)","empty account  (extracted from body)","other contacts  (extracted from body)","username","publishes in 2+ platforms","date published","numbre of replies","price, amount (from listing)","price (no currency)","unit","price / 1 unit","auction  (extracted from body)","fees on top  (extracted from body)","cryptocurrency  (extracted from body)","screenshot",
"ARES market",,,,,,,,,,,,,,,"//","//",,,,,"no account for sale found",
"black pyramid","YOUTUBE PREMIUM","youtube","YOUTUBE PREMIUM

Private youtube account with;
- youtube premium
- youtube music

format
Logipass
E access

Warranty: 6 months",,,,,,,"chemshop",,"?","None","103$, 1","Â£103.00",1,"Â£103.00",,,,"2024-05-28 10-46-27 BlackPyramid Youtube.png",
"black pyramid","youtube music premium + EmaiI access + info","youtube","youtube music premium + EmaiI access + info


+ login
+ EmaiI access
+ info
+ waranty",,,,,,,"victorviran","Y","?",1,"9$, 1","Â£9.00",1,"Â£9.00",,,,"2024-05-28 10-49-00 BlackPyramid Youtube-2.png",
"Dark Matter","-== TikTok.com Aged Accounts ==-","tiktok","TikTok - trends start here. TikTok is THE destination for mobile videos. On a device or on the web, viewers can watch and discover millions of personalized short videos. Download the app and start streaming !

TikTok.com accounts , 100+ days made with random emails. English names, ready to use !

Format:
username:password:e-mail password

*IMPORTANT* :
I also have TikTok accounts with thousand subscribers. Please check all the sections of my listing !",,,,,,,"digitalworld",,"?","not possible to reply, no feedback","7,99$, 1","Â£7.99",1,"Â£7.99",,,,"2024-05-14 13-48-48 DarkMatter TikTok.png",
"Dark Matter","-== Twitter Premium Accounts with followers ==-","twitter","Confirmed by E-mail and ready to use Twitter accounts. The avatar has been uploaded, the subject has been changed and a bio has been added. Accounts are active, mimicking the actions of a real user - tweeting, retweeting, followers and others. Each account has a minimum of custom followers. At least 90% followers are active !

What to use: You can use them for advertising purposes. For example a set of followers, paid tweeting, etc.

*Important!*
You MUST USE PROXIES with Twitter accounts!!! If you have no idea what proxy is or if you are planning to use accounts without proxies, please, do not buy accounts from us.

Twitter accounts will ask you for phone number (if accounts are PVA) or e-mail address (regular accounts). E-mails and phone numbers are included into account format. If your software is unable to work with this information, please, do not buy accounts.

Format:
login:password:email:email_password",,,,,,,"digitalworld",,"?","not possible to reply, no feedback","5,99$, 1","Â£5.99",1,"Â£5.99",,,,"2024-05-14 13-55-34 DarkMatter Twitter.png",
"Dark Matter","YouTube TV","youtube","YouTube TV 

Private youtube account with;
- Youtube TV
- youtube premium
- youtube music

Format
Login/pass
Email access

Warranty: 1 month",,,,,,,"logmaster",,"?","not possible to reply, no feedback","10$, 1","Â£10.00",1,"Â£10.00",,,,"2024-05-14 14-01-01 DarkMatter Youtube-2.png",
"Dark Matter","YOUTUBE PREMIUM","youtube","YOUTUBE PREMIUM

Private youtube account with;
- youtube premium
- youtube music

Format
Login/pass
Email access

Warranty: 6 months",,,,,,,"logmaster",,"?","not possible to reply, no feedback","12$, 1","Â£12.00",1,"Â£12.00",,,,"2024-05-14 13-59-23 DarkMatter Youtube.png",
"Dark Matter","-== YouTube Premium PRIVATE accounts ==-","youtube","PRIVATE PREMIUM ACCOUNTS You can change password of the accounts as its completely private created just for you.

Premium Duration: 4 months

Due to real life schedule & timezone difference, Delivery within 12-24 hrs.

All sales are final and no refund. By purchasing you are agreeing to TOS. If you are satisfied with your product, please do leave a lovely review which encourages us to go further.",,,,,,,"m0n0lith","Y","?","Product Rating - 5 â˜…
24 hours

â˜…â˜…â˜…â˜…â˜…

Instant delivery and worked perfectly, will likely use again and recommend to anyone.
1 month

â˜…â˜…â˜…â˜…â˜…

Working product good vendor will be back for more
1 month

â˜…â˜…â˜…â˜…â˜…

Really fast delivery worked perfectly. Highly recommend this vendor.
2 months

â˜…â˜…â˜…â˜…â˜…

Excellent vendor great and fast service I would recommend every buyer visit his shop","12,47$, 1","Â£12.47",1,"Â£12.47",,,,"2024-05-17 09-53-49 TorZon Youtube.png",
"Kerberos","50 Tiktok Accounts","tiktok","BEST ACCOUNTS SELLER SINCE 2018

50 Tiktok Accounts

Description.

The TikTok.com accounts are registered automatically.
Verified by e-mail, there is no email in the set.
Two types of profiles are possible. 1. Not filled at all profile. 2. Partially filled profile (notes, photos and other information)
Accounts are registered in IP addresses of different countries.
Accounts data format. The data format is specified to facilitate reading the received details and may differ slightly. It does not affect an accountâ€™s health

login:password OR
login:password:user-agent

Tags:

Tiktok account,Tiktok login , Tiktok , Tiktok accounts , marketing emails ,Tiktok accounts,Tiktok account , Tiktok normal accounts",,,,"no email","empty or partial ",,"bulkversion",,"?","114 comments to the SELLER","39$, 50","Â£39.00",50,"Â£0.78",,,,"2024-05-14 13-38-45 Kerberos TikTok.png",
"Kerberos","-== Twitter Premium Accounts with followers ==-","twitter","Confirmed by E-mail and ready to use Twitter accounts. The avatar has been uploaded, the subject has been changed and a bio has been added. Accounts are active, mimicking the actions of a real user - tweeting, retweeting, followers and others. Each account has a minimum of custom followers. At least 90% followers are active !

What to use: You can use them for advertising purposes. For example a set of followers, paid tweeting, etc.

*Important!*
You MUST USE PROXIES with Twitter accounts!!! If you have no idea what proxy is or if you are planning to use accounts without proxies, please, do not buy accounts from us.

Twitter accounts will ask you for phone number (if accounts are PVA) or e-mail address (regular accounts). E-mails and phone numbers are included into account format. If your software is unable to work with this information, please, do not buy accounts.

Format:
login:password:email:email_password",,,,,,,"m0n0lith","Y","?","67 comments to the SELLER","5,99$, 1","Â£5.99",1,"Â£5.99",,,,"2024-05-10 16-17-04 Kerberos Twitter.png",
"MGM Grand",,,,,,,,,,,,,,,"//","//",,,,,"no account for sale found",
"Nexus","Instagram Account With 50+ Followers","instagram","-> Registered Account
-> Account Warranty
-> 40 to 60 followers 'the number may vary slightly-
-> E-mail Included
-> Registered With IP Addresses Of Different Countries","40-60",,,,,,"BadBreed","Y","?","None","11$, 1","Â£11.00",1,"Â£11.00",,,,"2024-05-17 11-31-41 Nexus Instagram-6.png",
"Nexus","INSTAGRAM ACCOUNT WITH NUMBER VERIFIED FULL WARRANTY FAST DELIVERY TRUSTED SELLER","instagram","AFTER YOUR PURCHASE YOU WILL GET :
BULK OF ACCOUNTS
INSTAGRAM ACCOUNT
NUMBER VERIFIED
FULL WARRANTY
ACCOUNT FORMAT: LOGIN - PASSWORD
CHECK OUR STORE FOR MORE AMAZING OFFERS
Unit Pirce
1.375 USD
Delivery Speed 15 minute
Stock Adequate stock
7
Free Insurance
-
+
1 = USD $1.375
Price
$ 1.38",,,,"number verified",,,"BadBreed","Y","?","None","12$, 1","Â£12.00",1,"Â£12.00",,,,"2024-05-17 11-28-02 Nexus Instagram-3.png","price in text is different"
"Nexus","Instagram Account |Full Access| Fast delivery /Trusted Seller","instagram","Instagram accounts are available for sell. To buy old account and followers account contact Inbox. Thanks.",,,,,,,"BadBreed","Y","?","None","12$, 1","Â£12.00",1,"Â£12.00",,,,"2024-05-17 11-30-33 Nexus Instagram-5.png",
"Nexus","Instagram account [0-1000 followers] + mail","instagram","After the purchase, you will receive a good random Instagram account) Fast delivery, also a guarantee for the entire period of use",,,,,,,"BadBreed","Y","?","None","12$, 1","Â£12.00",1,"Â£12.00",,,,"2024-05-17 11-36-33 Nexus Instagram-10.png",
"Nexus","Instagram Account - 500+ Followers","instagram","Registered Account
-> Account Warranty
-> 490 to 510 followers ""The number may vary slightly""
-> E-mail Included
-> Registered With IP Addresses Of Different Countries","490 to 510 followers",,,,,,"BadBreed","Y","?","None","12$, 1","Â£12.00",1,"Â£12.00",,,,"2024-05-17 11-38-46 Nexus Instagram-12.png",
"Nexus","INSTAGRAM ACCOUNT WITH +1000 FOLLOWER WITH POSTS SHAREED FULL WARRANTY","instagram","INSTAGRAM ACCOUNT WITH +1000 FOLLOWER WITH POSTS SHAREED FULL WARRANTY","1000 FOLLOWER",,,,,,"BadBreed","Y","?","None","15$, 1","Â£15.00",1,"Â£15.00",,,,"2024-05-17 11-37-36 Nexus Instagram-11.png",
"Nexus","Instagram Account | registered with Old Real Facebook Account (Full Access) | 2fa Facebook id","instagram","Instagram account with full access to the linked Facebook account as well as mail. The facebook id will be 2factor came along account.",,,,,,,"BadBreed","Y","?","None","16$, 1","Â£16.00",1,"Â£16.00",,,,"2024-05-17 11-29-12 Nexus Instagram-4.png",
"Nexus","INSTAGRAM ACCOUNT FULL ACCES NOT 2FA++1 FREE ACCOUNT","instagram","INSTAGRAM ACCOUNT FULL ACCES NOT 2FA++1 FREE ACCOUNT",,,,,,,"BadBreed","Y","?","None","30$ ,1","Â£30.00",1,"Â£30.00",,,,"2024-05-17 11-34-17 Nexus Instagram-8.png","body says free account"
"Nexus","INSTAGRAM ACCOUNT +50k(+50000) Real FOLLOWERS Full ACCESS EMAIL INCLUDED","instagram","Instagram accounts are registered automatically.
Accounts require confirmation by SMS; this means you will have to link the account to your phone number in order to log into the account after you buy it.
The email address is included in the package and you can confirm it for yourself. The email is original.
Accounts are empty (no posts, no profile picture etc.)
Accounts are registered in IP addresses of different countries.

Features:
The accounts are empty, i.e. profiles are not filled at all.
Male or female ?
Email is changeable ?
Password is changeable ?
Verified by email ?

Why do people choose this shop in 3 words ?
The highest quality !
The fastest delivery !
The lowest prices !

Leave us a good comment to get a gift
Thanks you",,,,"need to do phone verification","empty",,"BadBreed","Y","?","None","85$, 1","Â£85.00",1,"Â£85.00",,,,"2024-05-17 11-26-35 Nexus Instagram-2.png",
"Nexus","Instagram ACCOUNT 5k Followers [Guaranted] INSTANT DELIVERY+ Gift 300 Likes","instagram","Instagram ACCOUNT 1k Followers [Guaranted] Gift 300 Likes
3K LIKES
Quality: Good Quality
Start: 0-1 Hours
âœ´ï¸Real- follower !","1k Followers [Guaranted] Gift 300 Likes",,,,,,"BadBreed","Y","?","None","108$, 1","Â£108.00",1,"Â£108.00",,,,"2024-05-17 11-32-45 Nexus Instagram-7.png",
"Nexus","INSTAGRAM ACCOUNT FULL ACCES NOT 2FA++1 FREE ACCOUNT TO YOUR LIKE 20 DOLLARS","instagram","INSTAGRAM ACCOUNT FULL ACCES NOT 2FA++1 FREE ACCOUNT TO YOUR LIKE 20 DOLLARS",,,,,,,"CyberGhost",,"?","None","27$, 1","Â£27.00",1,"Â£27.00",,,,"2024-05-17 11-25-23 Nexus Instagram.png",
"Nexus","INSTAGRAM ACCOUNT +100k(+100000) Real FOLLOWERS Full ACCESS EMAIL INCLUDED","instagram","Description :
Instagram accounts are registered automatically.
Accounts require confirmation by SMS; this means you will have to link the account to your phone number in order to log into the account after you buy it.
The email address is included in the package and you can confirm it for yourself. The email is original.
The followers are real people not bots or fake who get paid to follow you
Accounts are empty (no posts, no profile picture etc.)
Accounts are registered in IP addresses of different countries.
-
Features:
The accounts are empty, i.e. profiles are not filled at all.
Male or female ?
Email is changeable ?
Password is changeable ?
Verified by email ?

Why do people choose this shop in 3 words ?
The highest quality !
The fastest delivery !
The lowest prices !

Leave us a good comment to get a gift
Thanks you",,"real",,"need to do phone verification","empty",,"Trio",,"?","None","267$, 1","Â£267.00",1,"Â£267.00",,,,"2024-05-17 11-35-29 Nexus Instagram-9.png",
"Nexus","TIKTOK ACCOUNTS | MALE OR FEMALE.REGISTERED FROM DIFFERENT COUNTRIES IPS.","tiktok","The TikTok accounts are registered automatically.
Male or female.
An avatar added to the account.
The accounts are registered from different countries IPs.
Accounts data format. The data format is specified to facilitate reading the received details and may differ slightly. It does not affect an accountâ€™s health
email might not work
login(email):password:email password OR
login:password:email:email password",,,,,"avatar",,"BadBreed","Y","?","None","13$, 1","Â£13.00",1,"Â£13.00",,,,"2024-05-17 10-57-08 Nexus TikTok-13.png",
"Nexus","USA TIKTOK ACCOUNT PRIVATE $ CURRENCY + MAIL AVAILABLE MANUALLY CREATED (FULL DATA ACCESS","tiktok","Private account USA
Currency Available
Full access change everything including name
USA FEEDS
Log in with no hussle
can be logged in worldwide no vpn needed",,,,,,,"BadBreed","Y","?","None","13$, 1","Â£13.00",1,"Â£13.00",,,,"2024-05-17 11-02-01 Nexus TikTok-16.png",
"Nexus","TIKTOK ACCOUNTS | NAME IN TURKISH. AN AVATAR IS ADDED TO A PROFILE. REGISTERED FROM THE TURKEY IP.","tiktok","The TikTok accounts are registered automatically.
Name in Turkish.
An avatar is added to a profile.
Registered from the Turkey IP.",,,,,,,"BadBreed","Y","?","None","14$, 1","Â£14.00",1,"Â£14.00",,,,"2024-05-17 11-00-51 Nexus TikTok-15.png",
"Nexus","TIKTOK ACCOUNT WITH EMAIL VERIFIED(INCLUIDE) + 2 MONTHS OLD","tiktok","TikTok accounts are registered manually.
Registered at mail@rambler.ru mail included.
The avatar is loaded in the account profile.
The phone number is not linked.
Registered with UK IP.
Bed linen up to 2 months.",,,,,"avatar",,"BadBreed","Y","?","None","15$, 1","Â£15.00",1,"Â£15.00",,,,"2024-05-17 10-40-10 Nexus TikTok-5.png",
"Nexus","Global TIKTOK ACCOUNT","tiktok","Global TIKTOK ACCOUNT ((Brazil, United Kingdom, France, United States, Italy, Russia, Mexico, Germany, Argentina, India, Southeast Asia, Philippines, Indonesia, Thailand, Vietnam, Japan, Taiwan, TÃ¼rkiyeï¼ŒSaudi Arabia) Registered for more than one month Directly logged in account (Just provide account number and password, no email and email verification) Guaranteed Trusted Seller 

Just provide account number and password, no email and email verification
Modify the current mailbox way: bind cell phone number --- choose the way of cell phone verification to unbind mailbox ---- bind their own mailbox
Safety Account Warranty 100%
If you have any questions or need a custom deal you can contact us",,,"1+ month",,"need to verify w/ phone",,"BadBreed","Y","?","None","15$, 1","Â£15.00",1,"Â£15.00",,,,"2024-05-17 10-41-23 Nexus TikTok-6.png",
"Nexus","Tiktok Account 1000 (1K) Followers Full Access 2022 account","tiktok","Please keep each account information properly, we will not bear any loss caused by forgetting your password.
. We can't provide you with relevant after-sales service if it is unable to run due to computer configuration, server delay, network failure and other reasons. When you login in this account within 24 hours, and you cannot login in for the first time, and then we will change a new account for you! After 24 hours, the account cannot be replaced! So, after you get this account, please try to login in as soon as possible! Once you find something wrong with login, please contact us!
.Tiktok accountâ€™s playstyle, content, and specific operations are issues that you need to solve by yourself. We only provide services in the account registration process, and we cannot answer you one by one for other services.",,,,,,,"BadBreed","Y","?","None","15$, 1","Â£15.00",1,"Â£15.00",,,,"2024-05-17 10-47-39 Nexus TikTok-7.png",
"Nexus","TIKTOK ACCOUNTS | VERIFIED BY EMAIL (EMAIL INCLUDED).","tiktok","The TikTok accounts are registered automatically.
The accounts are verified by email (email is included).
Accounts are registered in IP addresses of different countries",,,,"email verified",,,"BadBreed","Y","?","None","15$, 1","Â£15.00",1,"Â£15.00",,,,"2024-05-17 10-49-09 Nexus TikTok-8.png",
"Nexus","Tiktok Account 2000 (2K) Followers Full Access +1 Months old , Warranty if you can't login","tiktok","Please keep each account information properly, we will not bear any loss caused by forgetting your password.
We can't provide you with relevant after-sales service if it is unable to run due to computer configuration, server delay, network failure and other reasons. When you login in this account within 24 hours, and you cannot login in for the first time, and then we will change a new account for you! After 24 hours, the account cannot be replaced! So, after you get this account, please try to login in as soon as possible! Once you find something wrong with login, please contact us!
. Tiktok accountâ€™s playstyle, content, and specific operations are issues that you need to solve by yourself. We only provide services in the account registration process, and we cannot answer you one by one for other services.",,,,,,,"BadBreed","Y","?","None","15$, 1","Â£15.00",1,"Â£15.00",,,,"2024-05-17 10-55-28 Nexus TikTok-12.png",
"Nexus","TikTok ACCOUNT FOR ANY PURPOSES ( ð—¨ð—¦ð—” ) First mail Guarantee","tiktok","Safety Account Warranty 100%
If you have any questions or need a custom deal you can contact us
Delivery Full Info when you made Purchase Faster and safe",,,,,,,"BadBreed","Y","?","None","15$, 1","Â£15.00",1,"Â£15.00",,,,"2024-05-17 11-11-03 Nexus TikTok-18.png",
"Nexus","TikTok Account with (1000) Followers Full Data Change Guaranteed","tiktok","Safety Account Warranty 100%
If you have any questions or need a custom deal you can contact us
Delivery Full Info when you made Purchase Faster and safe",,,,,,,"BadBreed","Y","?","None","20$, 1","Â£20.00",1,"Â£20.00",,,,"2024-05-17 11-19-24 Nexus TikTok-24.png",
"Nexus","TIKTOK ACCOUNTS | VERIFIED BY EMAIL (EMAIL INCLUDED). ABOUT 1000 FOLLOWERS (BOTS).","tiktok","TIKTOK ACCOUNTS | VERIFIED BY EMAIL (EMAIL INCLUDED). ABOUT 1000 FOLLOWERS (BOTS). ACCOUNTS ARE EMPTY


The TikTok accounts are registered automatically.
The accounts are verified by email (email is included).
The account has about one thousand followers (real followers).
The accounts are registered from different countries' IPs.
Accounts data format. The data format is specified to facilitate reading the received details and may differ slightly. It does not affect an accountâ€™s health.
login:password",,,,"email verified",,,"BadBreed","Y","?","None","22$, 1","Â£22.00",1,"Â£22.00",,,,"2024-05-17 10-37-19 Nexus TikTok-3.png",
"Nexus","TIKTOK ACCOUNTS | THE ACCOUNTS WERE REGISTERED IN 11.2022. VERIFIED BY EMAIL (EMAIL INCLUDED).","tiktok","The TikTok accounts are registered automatically.
The accounts were registered in 11.2022.
The accounts are verified by email (email is included).
The account has about 3000 followers .
Two types of profiles are possible. 1. Not filled at all profile. 2. Partially filled profile (notes, photos and other information)
Accounts are registered in IP addresses of EU.",3000,,11.2022,"email verified","partially filled",,"BadBreed","Y","?","None","60$, 1","Â£60.00",1,"Â£60.00",,,,"2024-05-17 10-52-24 Nexus TikTok-10.png",
"Nexus","TikTok account with 10.2K followers 125.4k Likes","tiktok","You'll get a TikTok account with 10.2K followers 125.4k Likes
Instant Delivery
After your purchase of the account
I will link your email with the tiktok account and I will activate the 2-factor authentication. So if you lose the account it will be your responsibility not mine.
There are no third-party bindings on the account (google, facebook,apple,twitter, vk,numbers), so no one will ever restore it.","10.2K followers 125.4k Likes",,,,,,"BadBreed","Y","?","None","95$, 1","Â£95.00",1,"Â£95.00",,,,"2024-05-17 10-32-43 Nexus TikTok.png",
"Nexus","Tiktok account with 200k real followers full data change guaranteed","tiktok",,,,,,,,"BadBreed","Y","?","None","400$, 1","Â£400.00",1,"Â£400.00",,,,"2024-05-17 10-58-39 Nexus TikTok-14.png",
"Nexus","TikTok Account 18K Real Followers 1.4M Real Likes 32.4% From USA Registred in 2023 Full access","tiktok","You'll get a TikTok account with 18K real followers
1.4M Real Likes
Registred in 2023
ð’ð“ð‘ð„ð€ðŒ and LIVE STUDIO
United states 32%
Ukraine 26%
Kazakhstan 18%
Guarantee Trusted Seller
After your purchase of the account, I will link your email with the tiktok account and I will activate the 2-factor authentication. So if you lose the account it will be your responsibility not mine.
There are no third-party bindings on the account (google, facebook,apple,twitter, vk), so no one will ever restore it.","8K real followers 1.4M Real Likes",,"from 2023",,,,"BadBreed","Y","?","None","523$, 1","Â£523.00",1,"Â£523.00",,,,"2024-05-17 10-38-45 Nexus TikTok-4.png",
"Nexus","TikTok account","tiktok","This account contains 70.3k+ followers, 936.2k likes and is suitable for both personal and Business usage. It is very efficient as it generates very high engagements overall. The demography is mostly USA traffic (you can confirm through image URL). Interested buyers should not hesitate to contact me","70.3k+ followers, 936.2k likes",,,,,,"BadBreed","Y","?","None","700$, 1","Â£700.00",1,"Â£700.00",,,,"2024-05-17 10-35-49 Nexus TikTok-2.png",
"Nexus","Sell tiktok account 170k fans 2M likes","tiktok","The number of account fans is 170k, which is still popular. The number of account types. Children play funny moments. Most of the fans are women who can do store bags, clothing toys. The number of likes is 2.3M.","170k followers, 2.3M likes",,,,,,"BadBreed","Y","?","None","1400$, 1","Â£1,400.00",1,"Â£1,400.00",,,,"2024-05-17 11-12-05 Nexus TikTok-19.png",
"Nexus","TikTok Account 361.6K Real Followers ,4.1M Real Likes 30.4%","tiktok","TikTok Account 361.6K Real Followers ,4.1M Real Likes 30.4% From USA Registred in 10-2020 Full access 

You'll get a TikTok account with 361.6K Real Followers
30.4% From USA / 16.6% From MX/ 12.7% From BR
4.1M Real Likes
Live broadcasts (available) and Live Studio
Registred in 10-2020
Guarantee Trusted Seller
After your purchase of the account, I will link your email with the tiktok account and I will activate the 2-factor authentication. So if you lose the account it will be your responsibility not mine.
There are no third-party bindings on the account (google, facebook,apple,twitter, vk), so no one will ever restore it.","361.6K Real Followers ,4.1M Real Likes","real","from 10.2020",,,,"BadBreed","Y","?","None","1500$, 1","Â£1,500.00",1,"Â£1,500.00",,,,"2024-05-17 10-50-42 Nexus TikTok-9.png",
"Nexus","TIKTOK ACCOUNTS | VERIFIED BY EMAIL (EMAIL INCLUDED). ABOUT 1000 FOLLOWERS (BOTS).","tiktok","The TikTok accounts are registered automatically.
The accounts are verified by email (email is included).
The account has about one thousand followers (real followers).
The accounts are registered from different countries' IPs.
Accounts data format. The data format is specified to facilitate reading the received details and may differ slightly. It does not affect an accountâ€™s health.
login:password","1K","real",,"email verified",,,"Bestbuy",,"?","None","55$, 1","Â£55.00",1,"Â£55.00",,,,"2024-05-17 11-09-41 Nexus TikTok-17.png",
"Nexus","BESTBUY Tiktok Account 10000 (10K) Followers Full Access 2022 account","tiktok","Please keep each account information properly, we will not bear any loss caused by forgetting your password.
. We can't provide you with relevant after-sales service if it is unable to run due to computer configuration, server delay, network failure and other reasons. When you login in this account within 24 hours, and you cannot login in for the first time, and then we will change a new account for you! After 24 hours, the account cannot be replaced! So, after you get this account, please try to login in as soon as possible! Once you find something wrong with login, please contact us!
.Tiktok accountâ€™s playstyle, content, and specific operations are issues that you need to solve by yourself. We only provide services in the account registration process, and we cannot answer you one by one for other services.",,,,,,,"Bestbuy",,"?","None","64$, 1","Â£64.00",1,"Â£64.00",,,,"2024-05-17 11-16-13 Nexus TikTok-22.png",
"Nexus","Buy Tiktok Account 2.9k followers | Best Working | Instant Delivery","tiktok","Buy Tiktok Account 2.9k followers | Best Working | Instant Delivery","2.9K followes",,,,,,"Bestbuy",,"?","None","88$, 1","Â£88.00",1,"Â£88.00",,,,"2024-05-17 11-13-38 Nexus TikTok-20.png",
"Nexus","Bestbuy Premium TikTok account with 10.2K followers 125.4k Likes | Instant Delivery","tiktok","Bestbuy Premium TikTok account with 10.2K followers 125.4k Likes | Instant Delivery
You'll get a TikTok account with 10.2K followers 125.4k Likes
Instant Delivery
After your purchase of the account
I will link your email with the tiktok account and I will activate the 2-factor authentication. So if you lose the account it will be your responsibility not mine.
There are no third-party bindings on the account (google, facebook,apple,twitter, vk,numbers), so no one will ever restore it.","10.2K followers 125.4k Likes",,,,,,"Bestbuy",,"?","None","90$, 1","Â£90.00",1,"Â£90.00",,,,"2024-05-17 11-14-52 Nexus TikTok-21.png",
"Nexus","Buy Live Premium TikTok Account | Best Working | Instant Delivery","tiktok","This account contains 70.3k+ followers, 936.2k likes and is suitable for both personal and Business usage. It is very efficient as it generates very high engagements overall. The demography is mostly USA traffic (you can confirm through image URL). Interested buyers should not hesitate to contact me","70.3k+ followers, 936.2k",,,,,,"Bestbuy",,"?","None","700$, 1","Â£700.00",1,"Â£700.00",,,,"2024-05-17 11-18-06 Nexus TikTok-23.png",
"Nexus","Tiktok Account 2000 (2K) Followers Full Access +1 Months old , Warranty if you can't login","tiktok","Please keep each account information properly, we will not bear any loss caused by forgetting your password.
We can't provide you with relevant after-sales service if it is unable to run due to computer configuration, server delay, network failure and other reasons. When you login in this account within 24 hours, and you cannot login in for the first time, and then we will change a new account for you! After 24 hours, the account cannot be replaced! So, after you get this account, please try to login in as soon as possible! Once you find something wrong with login, please contact us!
. Tiktok accountâ€™s playstyle, content, and specific operations are issues that you need to solve by yourself. We only provide services in the account registration process, and we cannot answer you one by one for other services.",,,,,,,"Trio",,"?","None","35$, 1","Â£35.00",1,"Â£35.00",,,,"2024-05-17 10-53-44 Nexus TikTok-11.png",
"Nexus","Authorized Twitter accounts Confirmed by mail Registration country IP - MIX +Auth_Token","twitter","Authorized Twitter accounts Confirmed by mail Registration country IP - MIX +Auth_Token",,,,,,,"BadBreed","Y","?","None","15$, 1","Â£15.00",1,"Â£15.00",,,,"2024-05-17 11-23-26 Nexus Twitter.png",
"Torzon Market","Instagram Accounts . registered between 2010-2020","instagram","Instagram Accounts | Accounts registered between 2010-2020. Email address is included in the package.|hotmail.com||Gmail.com|Trusted Seller.

IG Accounts | Accounts are registered between 2010-2020. Email included (outlook.com.com, native). The profiles information is partially filled. Registered from different countries IPs.
-Once the accounts are purchased, you do not have to wait; they are sent instantly as a message.
-After the account is purchased, it is sent as follows: instagramusername:instagrampassword:hotmail:hotmailpassword: date
-The accounts are among the highest quality accounts on the market.",,,"between 2010-2020",,,,"heatbringers",,"?","None","29,12$, 1","Â£29.12",1,"Â£29.12",,,,"2024-05-17 10-12-27 Torzon Instagram.png",
"Torzon Market","Real Aged TikTok Accounts /1-4 years/Email Access/","tiktok","Real Aged TikTok Accounts /1-4 years/Email Access/Random content/ (Read the description)

These are accounts made by real people, as the title states each account is 1-4 years old, you get access to the original email account used to create the TikTok account (which is also currently binded to it) and also, each account is random, meaning that some accounts will have content while others may not.

Upon purchasing you will receive the following:

Access to the email binded to the TikTok account you're buying (Email:Password), you'd then have to login on the email and reset the TikTok account's password through Tiktok's site or app, after that you can freely change the account's email to your own/any email.",,,"1-4 years old",,,,"heatbringers",,"?","None","36,4$, 1","Â£36.40",1,"Â£36.40",,,,"2024-05-17 10-27-02 TorZon TikTok.png",
"Torzon Market","youtube premium + music lifetime private","youtube","youtube premium + music lifetime private

on your email private you can use

Private Account
Replacement accounts are available
Any chargeback without permission is blocked
12 Month warranty
Private Login",,,,,,,"heatbringers",,"?","None","72,8$, 1","Â£72.80",1,"Â£72.80",,,,"2024-05-17 09-59-04 Torzon Youtube-2.png",
"Torzon Market","Youtube Music Premium + Email Access + HQ","youtube","Youtube Music Premium + Email Access + HQ

+ login
+ email access
+ info
+ warranty







OTHER ACCOUNTS AVAILABLE CHECK STORE >>

BANK LOGS + EMAIL ACCESS, LIVE CC, BUSINESS BANK ACCOUNT, CHASE BANK, BANKOFAMERICA, CITI BANK, TRUIST BANK, VAROBANK, CAPITALONE BANK, DISCOVER BANK, ALLY BANK, KEYBANK, TDBANK, REGIONS BANK, ALBERT BANK, SABLE BANK, WELLSFARGO BANK, BLUEBIRD, CHIME, PNC BANK , LILI BANK, FIDELITY BANK, VENMO, CHARLES SCHWAB, SERVE BANK, M&T BANK, PAYPAL, PAYPAL BUSINESS, REVOLUT, WISE, ALLIANT BANK, STRIPE VERIFIED, SQUAREUP , CASHAPP BTC, BINANCE, COINBASE, COINMAMA, SPOTIFY, DISNEY, YOUTUBE, AMAZON, EDU MAIL, GOOGLE VOICE, NETFLIX, CHEGG, WINDOWS LICENSE, PORNHUB , BLACKCATCARD, ANYCOINDIRECT, CRYPTO.COM, CEX.IO , KRAKEN , UPHOLD, BUNQ, KUCOIN, BINANCE US, ROBINHOOD, REVOLUTE BUSINESS, REVOLUTE US, TRANSFERWISE, BUSINESS FULLZ, APPLE PAY, BENTO, CHASE BUSINESS, BASK, HSBC, COMERICA, ETORO, VENMO, AYCOINDIRECT, ADVCASH, PAYEER, PAYONEER, ZELLE, ROBINHOOD, HQ CC MORE+++",,,,,,,"victorviran","Y","?","Product Rating - 5 â˜…
5 months

â˜…â˜…â˜…â˜…â˜…

Enter your comment here..","12,48$, 1","Â£12.48",1,"Â£12.48",,,,"2024-05-17 10-01-13 Torzon Youtube-3.png",
"We The North","TikTok Accounts Registered in 2022. Verified by Email -Email Included.","tiktok","TikTok Accounts Registered in 2022. Verified by Email -Email Included. 

 The TikTok accounts are registered automatically.
 The accounts were registered in 2022.
 The accounts are verified by email email is included",,,"since 2022","email verified",,,"badbreed","Y","2023.10.07","not possible to reply, no feedback","45,15$ , 1","Â£45.15",1,"Â£45.15",,,,"2024-05-10 17-16-14 WeTheNorth TikTok-2.png",
"We The North","TIKTOK ACCOUNTS VERIFIED BY EMAIL -EMAIL INCLUDED-.","tiktok","TIKTOK ACCOUNTS VERIFIED BY EMAIL -EMAIL INCLUDED-.

TIKTOK ACCOUNTS VERIFIED BY EMAIL -EMAIL INCLUDED-. REGISTERED IN IP ADDRESSES OF DIFFERENT COUNTRIES.
 The TikTok accounts are registered automatically.
The accounts are verified by email email is included
Accounts are registered in IP addresses of different countries.",,,,"email verified",,,"badbreed","Y","2023.10.07","not possible to reply, no feedback","54,6$, 1","Â£54.60",1,"Â£54.60",,,,"2024-05-10 17-16-14 WeTheNorth TikTok-3.png",
"We The North","TikTok Account with -1000- Followers Full Data Change ,Guaranteed ,","tiktok","TikTok Account with -1000- Followers Full Data Change ,Guaranteed ,

Safety Account Warranty 100percent
 If you have any questions or need a custom deal you can contact us beforehand
Support 24/7
Delivery Full Info when you made Purchase Faster and safe",,,,,,,"badbreed","Y","2023.10.07","not possible to reply, no feedback","67,2$, 1","Â£67.20",1,"Â£67.20",,,,"2024-05-10 17-16-14 WeTheNorth TikTok-5.png",
"We The North","TIKTOK ACCOUNTS VERIFIED BY EMAIL -EMAIL INCLUDED- ABOUT 1000 FOLLOWERS -BOTS- .ACCOUNTS ARE EMPTY","tiktok","TIKTOK ACCOUNTS VERIFIED BY EMAIL -EMAIL INCLUDED- ABOUT 1000 FOLLOWERS -BOTS- .ACCOUNTS ARE EMPTY

TIKTOK ACCOUNTS VERIFIED BY EMAIL -EMAIL INCLUDED- ABOUT 1000 FOLLOWERS -BOTS- .ACCOUNTS ARE EMPTY

The TikTok accounts are registered automatically.
The accounts are verified by email -email is included.
The account has about one thousand followers real followers.
The accounts are registered from different countries IPs.

Accounts data format. The data format is specified to facilitate reading the received details and may differ slightly. It does not affect an accounts health.
login-password",,"real",,"email verified",,,"badbreed","Y","2023.10.07","not possible to reply, no feedback","67,2$, 1","Â£67.20",1,"Â£67.20",,,,"2024-05-10 17-16-14 WeTheNorth TikTok-8.png",
"We The North","Tiktok account 2.9k followers","tiktok","Tiktok account 2.9k followers

Tiktok account 2.9k followers

likes 10.8k","2.9K followers, 10.8k likes",,,,,,"badbreed","Y","2023.10.07","not possible to reply, no feedback","105$, 1","Â£105.00",1,"Â£105.00",,,,"2024-05-10 17-16-14 WeTheNorth TikTok-7.png",
"We The North","TikTok Account 42.4K Followers 1.7M Likes Registered in 02-2022 Full access","tiktok","TikTok Account 42.4K Followers 1.7M Likes Registered in 02-2022 Full access



You will get a TikTok account with 42.4K Followers
 1.7M Likes
- There is a possibility of streaming
 Registered in 02-2022
 Instant Delivery
 Guarantee Trusted Seller
 After your purchase of the account, I will link your email with the tiktok account and I will activate the 2-factor authentication. So if you lose the account it will be your responsibility not mine.","42.4K Followers 1.7M Likes",,"since 02.2022",,,,"badbreed","Y","2023.10.07","not possible to reply, no feedback","185,85$, 1","Â£185.85",1,"Â£185.85",,,,"2024-05-10 17-16-14 WeTheNorth TikTok-4.png",
"We The North","Tiktok account","tiktok","Tiktok account


Tiktok account
71.9 k followers","71.9 k followers",,,,,,"badbreed","Y","2023.10.07","not possible to reply, no feedback","205,8$, 1","Â£205.80",1,"Â£205.80",,,,"2024-05-10 17-16-14 WeTheNorth TikTok-6.png",
"We The North","TIKTOK ACCOUNT WITH EMAIL VERIFIED-INCLUIDE- plus 2 MONTHS OLD","tiktok","TIKTOK ACCOUNT WITH EMAIL VERIFIED-INCLUIDE- plus 2 MONTHS OLD

TIKTOK ACCOUNT WITH EMAIL VERIFIED-INCLUIDE- plus 2 MONTHS OLD

TikTok accounts are registered manually.
mail is included.
The avatar is loaded in the account profile.
The phone number is not linked.
Registered with UK IP.
Bed linen up to 2 months.",,,"2 months","email verified","avatar",,"badbreed","Y","2023.10.08","not possible to reply, no feedback","33,6$","Â£33.60","assumed 1","Â£33.60",,,,"2024-05-10 17-16-14 WeTheNorth TikTok-10.png",
"We The North","AUTOMATIC DELIVERY TikTok ACCOUNTS , VERIFIED BY EMAIL -EMAIL INCLUDED-. ABOUT 50 FOLLOWERS -BOTS-","tiktok","AUTOMATIC DELIVERY TikTok ACCOUNTS , VERIFIED BY EMAIL -EMAIL INCLUDED-. ABOUT 50 FOLLOWERS -BOTS-

 AUTOMATIC DELIVERY TikTok ACCOUNTS , VERIFIED BY EMAIL -EMAIL INCLUDED-. ABOUT 50 FOLLOWERS -BOTS-. THE PROFILE INFORMATION IS PARTIALLY FILLED.",50,"bot",,"email verified",,,"badbreed","Y","2023.10.08","not possible to reply, no feedback","56,7$, 1","Â£56.70",1,"Â£56.70",,,,"2024-05-10 17-16-14 WeTheNorth TikTok-9.png",
"We The North","QUALITY TIKTOK ACCOUNT , 162.6k FOLLOWERS , 8M LIKES","tiktok","QUALITY TIKTOK ACCOUNT , 162.6k FOLLOWERS, 8M LIKES 

You will get a TikTok account with
 20percent USA
162.8K REAL FOLLOWERS
 8M LIKES
 NO ROOTS
 MOBILE GAMING n LIVE STUDIO
YOU CAN CHANGE THE NAME WHENEVER YOU WANT
Important 
If you click on the Security - Security Alert tab, the previous owners data, including email and phone, will be returned! And you will lose your access to the account","162.6k FOLLOWERS, 8M LIKES","real",,,,,"badbreed","Y","2023.10.08","not possible to reply, no feedback","$171.15, 1","Â£171.15",1,"Â£171.15",,,,"2024-05-10 17-16-14 WeTheNorth TikTok-1.png",
"We The North","Tiktok 34K account","tiktok","Tiktok 34K account

34+k account 300k+ views","34k+ account 300k+ views",,,,,,"badbreed","Y","2023.10.08","not possible to reply, no feedback","344,4$, 1","Â£344.40",1,"Â£344.40",,,,"2024-05-10 17-16-14 WeTheNorth TikTok-14.png",
"We The North","TikTok account","tiktok","TikTok account

This account contains 70.3k plus followers, 936.2k likes and is suitable for both personal and Business usage. It is very efficient as it generates very high engagements overall. The demography is mostly USA traffic -you can confirm through image URL-. Interested buyers should not hesitate to contact me ðŸ“¥","70.3k plus followers, 936.2k likes",,,,,,"badbreed","Y","2023.10.08","not possible to reply, no feedback","966$, 1","Â£966.00",1,"Â£966.00",,,,"2024-05-10 17-16-14 WeTheNorth TikTok-13.png",
"We The North","Sell tiktok account 170k fans 2M likes","tiktok","Sell tiktok account 170k fans 2M likes

The number of account fans is 170k, which is still popular. The number of account types. Children play funny moments. Most of the fans are women who can do store bags, clothing toys. The number of likes is 2.3M.","170k fans 2M likes",,,,,,"badbreed","Y","2023.10.08","not possible to reply, no feedback","2010,75$, 1","Â£2,010.75",1,"Â£2,010.75",,,,"2024-05-10 17-16-14 WeTheNorth TikTok-12.png",
"We The North","Fast growing Tiktok account","tiktok","Fast growing Tiktok account

A tiktok account with 410,000 followers","410,000 followers",,,,,,"badbreed","Y","2023.10.08","not possible to reply, no feedback","$2,289.00","Â£2,289.00","assumed 1","Â£2,289.00",,,,"2024-05-10 17-16-14 WeTheNorth TikTok-11.png",
"We The North","Tiktok Account 1k available","tiktok","Tiktok Account 1k available Tiktok Account 1k",,,,,,,"badbreed","Y","2023.10.15","not possible to reply, no feedback","39,9$, 1","Â£39.90",1,"Â£39.90",,,,"2024-05-10 17-16-14 WeTheNorth TikTok-15.png",
